What's your favorite candy?,What is your favorite dinner?,Cats or Dogs?,Are you currently enrolled in BSE 3211?
chocolate,sandwich,Dogs,Yes
Lemon Drops,Rad Nah,Cats,Yes
Hersheys Cookies and Creme,Macaroni and Cheese,Dogs,Yes
KitKat,Mediterranean food,Either,Yes
hawthorne candy,katsudon,Cats,Yes
kitkat,steak,Dogs,Yes
cute guys,bacon,Either,Yes
KitKat,Anything homecooked,Dogs,Yes
Reese's,Italian food,Dogs,Yes
toffee,pasta,Either,Yes
Chocolate,Sichuan hot pot,Dogs,No
Twix,Steak,Dogs,Yes
jolly rancher,hot pot,Dogs,Yes
Sour patch watermelons,Ethiopian,Dogs,No
100 Grand!,Sushi,Either,Yes
lollipop,Japanese style,Dogs,No
Hi-Chew,Japanese susi,Dogs,No
M & M,Beef Steak,Dogs,Yes
sour patch kids,pasta!,Dogs,Yes
Skittles,Also skittles,Either,No
peach rings!,Thai (pad see ew),Dogs,No
twix,Most foods,Cats,Yes
Sour Patch Kids,Tteok-bokki,Either,Yes
Definitely toblerone.,A standing rib roast would be pretty great.,Dogs,Yes
Sour Patch Watermelon,Mapo Tofu,Dogs,Yes
smarties,quesadilla,Dogs,Yes
sour patch kids,sushi,Dogs,Yes
Cadbury mini eggs,Pizza,Dogs,Yes
Skittle,chicken and rice,Either,Yes
I like starburst,i like tacosss,Dogs,Yes
Kit kat,Pizza,Dogs,Yes
Chewy candy,Com Tam (Broken Rice),Dogs,Yes
Awadama(Japanese candy),Pasta,Dogs,No
swedish fish,dino chicken nuggets,Cats,Yes
100 grand,noodles,Cats,Yes
Baby Ruth's,Lamb Korma,Either,Yes
Reese's Pieces,Medium rare steak and loaded baked potatoes!,Dogs,Yes
"Twix or kit kats (anything with chocolate, really)",Sushi,Either,Yes
Sour candy,Steak or Pasta,Dogs,No
KitKat,Noodles,Either,Yes
KitCat,Tacos,Dogs,Yes
Sour patch kids,Burrito/mexican food,Dogs,Yes
Swedish Fish,Vegan Pad Thai with Tofu,Dogs,Yes
Twix,Enchiladas,Cats,Yes
Smarties,Pasta,Either,Yes
Candy corn!,S t e a k,Either,Yes
SOur Patch,Ramen,Dogs,Yes
Kit Kat,Steak and Mashed POtatoes,Cats,Yes
Butterfinger,Tacos,Dogs,Yes
Twix,Thai,Dogs,Yes
Sour Patch,Anything with rice,Dogs,Yes
Mike & Ikes,Gyros,Cats,Yes
M&Ms,A good medium-rare streak,Dogs,Yes
Buenos ,Steak and Eggs,Either,Yes
Gummies,Fried Chicken or steak,Dogs,Yes
Reese's Pieces,Pasta,Either,Yes
Sour Patch,Panang Curry/Thai Food,Cats,Yes
Kit Kat,Any kind of noodles,Either,Yes
Sour patch,Mom's chicken gravy with chapati (Indian dish),Dogs,Yes
Twix,Spaghetti Bolognese,Dogs,No
Twix!,"Polenta with goat cheese, Italian sausage, & bell peppers",Cats,Yes
Undecided,Sushi!,Cats,No
Milk Chocolate,Chicken Alfredo,Cats,Yes
No favorite candy,Beef hotpot,Cats,No
Buenos,Poke,Either,Yes
soft milk candy,Chinese dishes,Either,Yes
grape,ramen,Dogs,No
Butterfingers,Vietnamese spicy noodle soup,Cats,Yes
Gum,PB&J Sandwich,Either,No
Nerds,Meatloaf and mashed potatoes,Cats,Yes
KitKat,Pho,Cats,Yes
Cotton Candy,Mac n Cheese,Dogs,Yes
Kit Kats,Pho,Either,Yes
KITKAT,MASHED POTATO,Cats,Yes
Jolly Ranchers,I have no favorite.,Dogs,Yes
Kit Kats,KBBQ,Dogs,Yes
Almond joy,Thai food,Either,Yes
Twix,Kimchi Fried Rice,Cats,Yes
HI-CHEW,Poke,Dogs,Yes
Nerd Ropes,Steak and Lobster and Mash potatoes,Dogs,Yes
kit kat,Steak,Cats,Yes
Jolly Rancher,Biriyani,Dogs,Yes
Skittles,Ají de gallina,Dogs,Yes
Milky Way,Hawaiian Braised Spare Ribs,Dogs,Yes
Milkyway,pizza,Cats,Yes
I don't like candy.,Butter chicken.,Cats,No
kit kats,asian food!,Dogs,Yes
I don't often eat candies :/,Pad Thai,Cats,Yes
hersheys,friend chickens,Dogs,No
Ferroche ,Steak,Cats,Yes
M&M,noodle,Cats,Yes
snickers,thai curry ,Dogs,No
Smores,Smores,Cats,Yes
Peach gummy rings,"Salmon, oven roasted asparagus, and white wine. ",Dogs,Yes
twix,Sushi,Dogs,Yes
chocolate,fried egg and tomato,Either,No
Reese's,pasta,Either,Yes
sour skittles,hotpot,Cats,Yes
Licorice,Fajitas,Either,Yes
Hi chew,dinner with family,Either,Yes
White Rabbit White Rabbit Creamy Candy,fried chicken,Either,Yes
Skittles,Sushi,Dogs,No
Sourpatch,Korean soup,Dogs,Yes
Peanut butter M&Ms,Pasta,Cats,Yes
I like marzipan!,Mashed potatoes!,Dogs,Yes
Jolly Rancher,Pho,Cats,No
Dark Chocolate,Dumplings ,Dogs,Yes
Snickers!,Mac and Cheese with some sort of meat mixed in,Dogs,Yes
